City_ID,City,Cloudiness,Country,Date,Humidity,Lat,Lng,Max Temp,Wind Speed
0,dikson,100,RU,1577132765,93,73.51,80.55,0.84,14.14
1,coahuayana,0,MX,1577132765,34,18.62,-100.35,90.39,3.27
2,naze,61,NG,1577132765,69,5.43,7.07,75.2,4.65
3,cape town,0,ZA,1577132762,77,-33.93,18.42,64.99,9.17
4,rikitea,100,PF,1577132765,81,-23.12,-134.97,74.73,10.83
5,kodiak,1,US,1577132765,47,39.95,-94.76,59.0,8.05
6,pandamatenga,90,BW,1577132765,34,-18.54,25.64,74.66,3.27
7,puerto madryn,100,AR,1577132765,26,-42.77,-65.04,71.02,25.43
8,hilo,40,US,1577132765,65,19.71,-155.08,78.8,6.93
9,klaksvik,1,FO,1577132766,93,62.23,-6.59,39.2,8.34
10,ushuaia,75,AR,1577132766,71,-54.81,-68.31,50.0,23.04
11,jamestown,0,AU,1577132766,36,-33.21,138.6,71.35,5.97
12,hobart,75,AU,1577132642,71,-42.88,147.33,54.0,9.17
13,mataura,100,NZ,1577132766,81,-46.19,168.86,52.0,4.0
14,mehamn,75,NO,1577132766,86,71.03,27.85,32.0,10.29
15,vestmannaeyjar,100,IS,1577132766,88,63.44,-20.27,38.91,9.26
16,port elizabeth,1,US,1577132766,37,39.31,-74.98,55.99,5.82
17,bom despacho,100,BR,1577132766,95,-19.74,-45.25,70.12,2.24
18,butaritari,100,KI,1577132766,81,3.07,172.79,81.54,19.8
19,hermanus,0,ZA,1577132766,88,-34.42,19.24,61.0,1.01
20,cabatuan,76,PH,1577132766,82,16.95,121.67,70.27,1.72
21,bluff,4,AU,1577132767,75,-23.58,149.07,73.29,2.98
22,praia,75,BR,1577132767,65,-20.25,-43.81,78.8,4.7
23,upernavik,0,GL,1577132767,72,72.79,-56.15,1.53,3.44
24,saskylakh,100,RU,1577132767,91,71.97,114.09,-19.52,3.13
25,port alfred,80,ZA,1577132767,91,-33.59,26.89,66.0,5.99
26,tuatapere,100,NZ,1577132767,81,-46.13,167.69,52.0,4.0
27,bredasdorp,0,ZA,1577132767,72,-34.53,20.04,62.6,6.93
28,pirovskoye,88,RU,1577132467,97,57.63,92.27,4.1,5.44
29,brae,79,GB,1577132767,92,60.4,-1.35,35.6,5.79
30,faanui,100,PF,1577132767,89,-16.48,-151.75,77.68,11.95
31,punta arenas,75,CL,1577132767,62,-53.16,-70.91,53.6,23.04
32,vaini,75,IN,1577132767,71,15.34,74.49,66.87,6.06
33,tiksi,100,RU,1577132767,100,71.64,128.87,-11.06,4.38
34,lagoa,38,PT,1577132767,100,37.14,-8.45,60.01,4.7
35,sao joao da barra,40,BR,1577132767,69,-21.64,-41.05,82.4,9.17
36,airai,13,TL,1577132768,92,-8.93,125.41,66.27,3.02
37,buta,1,CD,1577132768,73,2.79,24.73,72.39,1.48
38,sur,89,OM,1577132768,43,22.57,59.53,67.03,5.86
39,tasiilaq,49,GL,1577132768,51,65.61,-37.64,12.2,5.82
40,kapaa,90,US,1577132711,88,22.08,-159.32,78.8,6.93
41,busselton,0,AU,1577132768,55,-33.64,115.35,60.01,10.89
42,albany,40,US,1577132560,49,42.65,-73.75,50.0,6.93
43,saint-philippe,75,CA,1577132768,70,45.36,-73.48,44.6,13.87
44,arraial do cabo,75,BR,1577132768,83,-22.97,-42.02,82.4,16.11
45,codajas,100,BR,1577132768,96,-3.84,-62.06,75.02,2.28
46,coquimbo,75,CL,1577132768,72,-29.95,-71.34,75.99,9.17
47,deputatskiy,97,RU,1577132768,100,69.3,139.9,-28.12,1.28
48,tuktoyaktuk,90,CA,1577132768,75,69.44,-133.03,-16.6,4.7
49,semirom,0,IR,1577132769,29,31.41,51.57,26.98,3.89
50,vysokogornyy,100,RU,1577132769,100,50.1,139.13,-23.06,2.13
51,esperance,90,AU,1577132769,82,-33.86,121.89,62.6,3.36
52,zhigansk,100,RU,1577132769,94,66.77,123.37,-23.98,2.8
53,zhireken,0,RU,1577132769,92,52.82,117.29,-24.9,1.43
54,kabo,0,CF,1577132769,29,7.69,18.62,76.62,3.78
55,avarua,100,CK,1577132769,83,-21.21,-159.78,75.2,20.8
56,chuy,13,UY,1577132769,57,-33.69,-53.46,70.43,12.21
57,puerto ayora,75,EC,1577132769,65,-0.74,-90.35,80.6,9.17
58,nikolskoye,90,RU,1577132769,93,59.7,30.79,39.2,1.79
59,kadnikov,100,RU,1577132769,98,59.5,40.34,35.06,5.88
60,puerto escondido,40,MX,1577132769,79,15.86,-97.07,86.0,6.93
61,rawson,100,AR,1577132769,63,-43.3,-65.11,61.54,17.11
62,byron bay,90,AU,1577132555,94,-28.65,153.62,75.99,1.3
63,tura,82,RU,1577132770,93,64.27,100.22,-18.4,4.07
64,madang,69,CN,1577132770,22,35.32,102.79,25.74,2.95
65,antalaha,100,MG,1577132770,82,-14.9,50.28,81.07,24.38
66,west des moines,90,US,1577132492,53,41.56,-93.76,54.0,3.36
67,tigil,28,RU,1577132770,95,57.8,158.67,-3.1,6.22
68,kavaratti,100,IN,1577132770,74,10.57,72.64,82.76,9.64
69,new norfolk,75,AU,1577132770,71,-42.78,147.06,54.0,9.17
70,tezu,62,IN,1577132770,51,27.93,96.16,53.76,2.8
71,lasa,75,CY,1577132770,72,34.92,32.53,66.2,14.99
72,banjar,0,ID,1577132770,92,-7.37,108.54,73.53,1.59
73,georgetown,75,GY,1577132771,88,6.8,-58.16,80.6,9.17
74,tsagan aman,22,RU,1577132771,75,47.57,46.72,31.78,16.62
75,geraldton,40,CA,1577132771,67,49.72,-86.95,17.6,5.82
76,lebu,40,ET,1577132771,71,8.96,38.73,55.47,0.94
77,keetmanshoop,7,NA,1577132771,23,-26.57,18.15,87.8,4.7
78,cayenne,75,GF,1577132771,88,4.94,-52.33,80.6,8.05
79,bethel,90,US,1577132717,77,60.79,-161.76,1.4,24.16
80,sena madureira,100,BR,1577132771,54,-9.07,-68.66,88.47,1.03
81,amontada,17,BR,1577132771,50,-3.36,-39.83,85.39,13.0
82,east london,24,ZA,1577132771,52,-33.02,27.91,81.93,9.55
83,atbasar,99,KZ,1577132771,89,51.81,68.36,5.74,17.11
84,huarmey,57,PE,1577132771,57,-10.07,-78.15,76.51,8.63
85,kruisfontein,67,ZA,1577132771,85,-34.0,24.73,64.72,10.13
86,castro,90,CL,1577132772,87,-42.48,-73.76,53.6,5.82
87,mar del plata,100,AR,1577132772,47,-46.43,-67.52,61.52,16.62
88,hithadhoo,100,MV,1577132772,83,-0.6,73.08,80.55,16.37
89,krasnoufimsk,100,RU,1577132772,89,56.6,57.77,20.23,12.26
90,yellowknife,75,CA,1577132772,83,62.45,-114.38,-2.99,5.82
91,port hardy,75,CA,1577132772,75,50.7,-127.42,42.8,6.93
92,rio gallegos,40,AR,1577132772,19,-51.62,-69.22,60.8,23.04
93,barrow,65,AR,1577132772,15,-38.31,-60.23,94.71,21.45
94,kaitangata,100,NZ,1577132772,85,-46.28,169.85,51.01,1.99
95,sandwick,49,GB,1577132773,93,54.57,-2.89,46.99,27.51
96,inhambane,20,MZ,1577132773,88,-23.87,35.38,77.0,3.36
97,khatanga,100,RU,1577132773,92,71.98,102.47,-16.53,7.47
98,isangel,80,VU,1577132773,68,-19.55,169.27,74.95,13.71
99,port hedland,0,AU,1577132773,94,-20.31,118.58,82.4,8.05
100,evensk,100,RU,1577132773,91,61.92,159.24,-4.74,12.77
101,saldanha,100,PT,1577132773,88,41.42,-6.55,47.05,3.27
102,fortuna,1,US,1577132510,81,40.6,-124.16,52.0,5.82
103,mount gambier,2,AU,1577132773,93,-37.83,140.78,50.0,6.93
104,najran,66,SA,1577132773,44,17.54,44.22,59.0,4.7
105,guerrero negro,100,MX,1577132773,51,27.97,-114.04,69.75,10.87
106,flinders,90,AU,1577132774,100,-34.58,150.85,69.01,8.7
107,leshukonskoye,100,RU,1577132774,94,64.9,45.76,15.46,10.33
108,atuona,48,PF,1577132774,61,-9.8,-139.03,80.13,10.04
109,svetlaya,16,RU,1577132774,64,46.54,138.33,6.12,7.23
110,vanimo,19,PG,1577132774,80,-2.67,141.3,81.1,4.34
111,hirara,0,JP,1577132774,79,24.8,125.28,71.73,14.94
112,cherskiy,100,RU,1577132774,92,68.75,161.3,-25.02,2.21
113,aleksandrovskiy zavod,17,RU,1577132774,99,50.92,117.94,-19.05,1.95
114,vila do maio,74,CV,1577132774,60,15.13,-23.22,75.2,14.99
115,taltal,0,CL,1577132774,68,-25.41,-70.49,65.37,6.67
116,kulu,0,CD,1577132774,62,3.47,23.69,72.19,1.1
117,la sarre,100,CA,1577132774,87,48.8,-79.2,15.19,10.16
118,adrar,97,DZ,1577132775,37,27.87,-0.29,68.0,11.41
119,pisco,75,PE,1577132775,30,-13.71,-76.2,72.0,18.34
120,ambilobe,100,MG,1577132775,84,-13.19,49.05,78.03,0.4
121,sioux lookout,40,CA,1577132775,67,50.1,-91.92,19.4,0.58
122,qaanaaq,100,GL,1577132775,96,77.48,-69.36,-3.96,3.94
123,padang,100,ID,1577132775,96,-0.92,100.36,68.41,3.09
124,rincon,40,PA,1577132775,74,8.46,-82.28,86.0,9.17
125,port macquarie,90,AU,1577132775,100,-31.43,152.91,71.01,7.36
126,hirna,0,ET,1577132775,56,9.22,41.1,59.5,4.59
127,katsuura,20,JP,1577132775,87,33.93,134.5,46.99,9.17
128,berlevag,100,NO,1577132775,75,70.86,29.09,33.76,13.53
129,muromtsevo,100,RU,1577132776,94,56.37,75.24,8.04,9.08
130,harlingen,90,NL,1577132776,81,53.18,5.41,48.99,13.87
131,carnarvon,0,ZA,1577132776,20,-30.97,22.13,71.33,11.39
132,nishihara,1,JP,1577132776,75,35.74,139.53,48.2,12.75
133,yar-sale,99,RU,1577132776,93,66.83,70.83,-5.8,21.34
134,zaysan,100,KZ,1577132776,78,47.47,84.87,10.2,2.53
135,chanika,100,MW,1577132776,88,-12.93,34.19,69.19,1.81
136,sechura,51,PE,1577132776,91,-5.56,-80.82,69.28,18.43
137,san carlos de bariloche,75,AR,1577132777,58,-41.13,-71.31,57.2,27.51
138,coracora,96,PE,1577132777,45,-15.02,-73.78,59.49,12.57
139,sovetskiy,100,RU,1577132777,89,56.76,48.47,30.79,17.02
140,shiyan,76,CN,1577132777,76,32.65,110.78,34.39,2.33
141,davila,51,PH,1577132777,84,18.47,120.58,78.37,16.82
142,hami,44,CN,1577132777,60,42.84,93.51,17.73,3.24
143,mount isa,0,AU,1577132777,33,-20.73,139.49,75.2,5.37
144,fort-shevchenko,3,KZ,1577132777,58,44.51,50.26,33.44,21.83
145,miram shah,18,PK,1577132777,33,33.01,70.07,40.8,3.56
146,san cristobal,84,HN,1577132777,75,14.68,-86.92,71.56,10.31
147,sayat,39,TM,1577132777,69,38.78,63.88,33.8,11.41
148,codrington,90,AU,1577132777,94,-28.95,153.24,73.4,2.62
149,quartz hill,90,US,1577132778,93,34.65,-118.22,57.0,13.87
150,chake chake,37,TZ,1577132778,77,-5.25,39.77,82.9,10.78
151,daru,32,PG,1577132778,85,-9.07,143.21,78.67,4.23
152,bambous virieux,75,MU,1577132778,74,-20.34,57.76,80.6,13.87
153,port shepstone,7,ZA,1577132778,92,-30.74,30.45,70.23,5.82
154,tucano,24,BR,1577132778,31,-10.96,-38.79,87.4,7.61
155,scottsbluff,1,US,1577132778,34,41.87,-103.67,59.0,3.36
156,mpika,100,ZM,1577132778,94,-11.84,31.4,64.71,6.51
157,luangwa,22,MZ,1577132778,60,-15.62,30.4,74.46,1.19
158,meulaboh,98,ID,1577132778,81,4.14,96.13,80.51,7.14
159,tsaratanana,33,MG,1577132779,74,-16.8,47.65,69.44,9.1
160,te anau,96,NZ,1577132779,77,-45.41,167.72,44.4,1.16
161,la ronge,90,CA,1577132779,92,55.1,-105.3,23.0,6.93
162,progreso,0,UY,1577132779,21,-34.68,-56.22,82.0,6.93
163,lavrentiya,0,RU,1577132779,86,65.58,-170.99,1.87,10.02
164,vila velha,96,BR,1577132779,62,-3.71,-38.6,86.0,11.41
165,chumikan,0,RU,1577132779,75,54.72,135.31,-20.11,13.47
166,chokurdakh,98,RU,1577132779,95,70.62,147.9,-19.91,0.81
167,chany,100,RU,1577132779,95,55.31,76.76,2.43,13.31
168,dharchula,76,IN,1577132779,22,29.85,80.53,25.95,10.71
169,lipno,100,PL,1577132779,91,52.85,19.18,46.0,1.99
170,ketrzyn,100,PL,1577132779,97,54.08,21.38,41.43,5.64
171,ancud,90,CL,1577132779,87,-41.87,-73.83,53.6,5.82
172,ilhabela,100,BR,1577132669,83,-23.78,-45.36,75.34,2.91
173,san quintin,76,PH,1577132780,73,17.54,120.52,68.95,4.32
174,iranduba,75,BR,1577132780,88,-3.28,-60.19,78.8,4.7
175,mehendiganj,26,BD,1577132780,58,22.82,90.53,63.81,8.88
176,merauke,45,ID,1577132596,90,-8.49,140.4,75.76,5.35
177,roma,0,IT,1577132526,76,41.89,12.48,57.2,3.36
178,maceio,20,BR,1577132780,65,-9.67,-35.74,82.4,13.87
179,san lawrenz,20,MT,1577132780,62,36.06,14.2,60.01,31.09
180,yakeshi,100,CN,1577132780,100,49.28,120.73,-22.11,2.04
181,sayyan,0,YE,1577132780,52,15.17,44.32,49.17,3.0
182,port-gentil,20,GA,1577132780,88,-0.72,8.78,82.4,6.93
183,korcula,20,HR,1577132780,47,42.96,17.14,53.6,13.87
184,biltine,0,TD,1577132781,18,14.53,20.93,66.25,6.06
185,kamenka,100,MD,1577132781,91,48.03,28.7,48.99,13.4
186,nanortalik,92,GL,1577132781,71,60.14,-45.24,29.17,7.38
187,bundaberg,75,AU,1577132781,78,-24.87,152.35,75.99,1.12
188,kaeo,0,NZ,1577132781,98,-35.1,173.78,71.01,1.01
189,luderitz,0,NA,1577132781,82,-26.65,15.16,60.8,8.05
190,ugoofaaru,100,MV,1577132781,85,5.67,73.0,78.87,14.03
191,kosh-agach,97,RU,1577132781,85,49.99,88.66,-16.11,0.96
192,mendi,0,ET,1577132781,47,9.8,35.1,66.54,0.36
193,laramie,1,US,1577132781,21,41.31,-105.59,55.0,10.29
194,henties bay,30,NA,1577132781,89,-22.12,14.28,62.01,1.01
195,sao filipe,69,CV,1577132782,74,14.9,-24.5,73.47,7.36
196,norman wells,40,CA,1577132782,73,65.28,-126.83,-32.8,2.24
197,iqaluit,90,CA,1577132782,84,63.75,-68.52,3.2,2.24
198,bacolod,100,PH,1577132782,85,10.68,122.95,71.8,4.25
199,nongstoin,75,IN,1577132782,94,25.52,91.27,41.04,4.9
200,saint-leu,23,RE,1577132782,83,-21.15,55.28,80.6,3.36
201,hualmay,99,PE,1577132782,61,-11.1,-77.61,74.52,9.51
202,whitley bay,40,GB,1577132782,81,55.04,-1.44,45.0,19.46
203,victoria,75,BN,1577132782,94,5.28,115.24,77.0,3.36
204,abalak,0,NE,1577132782,11,15.46,6.28,65.46,10.36
205,sexsmith,20,CA,1577132782,84,55.35,-118.78,25.0,5.82
206,ouahigouya,32,BF,1577132782,9,13.58,-2.42,72.88,10.47
207,buala,91,SB,1577132782,81,-8.15,159.59,81.25,3.56
208,waddan,0,LY,1577132782,37,29.16,16.14,58.68,8.63
209,balotra,63,IN,1577132782,22,25.83,72.24,63.68,11.39
210,batemans bay,100,AU,1577132783,87,-35.71,150.18,64.99,7.0
211,beyneu,34,KZ,1577132783,78,45.32,55.19,31.03,17.94
212,richards bay,2,ZA,1577132783,89,-28.77,32.06,75.97,19.75
213,havre-saint-pierre,90,CA,1577132783,44,50.23,-63.6,21.2,10.29
214,touros,100,BR,1577132783,65,-5.2,-35.46,82.4,13.87
215,altamira,40,BR,1577132776,63,-3.2,-52.21,91.4,5.82
216,sorland,100,NO,1577132783,87,67.67,12.69,42.96,7.16
217,provideniya,32,RU,1577132783,61,64.42,-173.23,12.2,15.66
218,kirakira,85,SB,1577132783,81,-10.46,161.92,80.08,3.8
219,san antonio,0,CL,1577132509,72,-33.58,-71.61,69.8,12.75
220,yuty,0,PY,1577132783,29,-26.61,-56.25,83.55,4.76
221,tateyama,100,JP,1577132783,91,36.66,137.31,42.01,1.99
222,arlit,0,NE,1577132783,11,18.74,7.39,69.85,12.88
223,thinadhoo,100,MV,1577132783,86,0.53,72.93,79.74,16.15
224,magadan,92,RU,1577132783,83,59.56,150.8,0.0,15.05
225,hofn,90,IS,1577132784,86,64.25,-15.21,33.8,4.7
226,atasu,94,KZ,1577132784,97,48.68,71.64,-3.44,5.86
227,bhola,40,PK,1577132784,93,32.66,73.89,46.4,0.49
228,hambantota,72,LK,1577132784,84,6.12,81.12,79.38,14.09
229,torbay,20,CA,1577132784,79,47.66,-52.73,24.01,4.7
230,araceli,100,PH,1577132784,78,10.55,119.99,81.21,19.64
231,pacific grove,1,US,1577132784,58,36.62,-121.92,57.2,5.82
232,havoysund,100,NO,1577132784,74,71.0,24.66,32.0,14.99
233,nantucket,1,US,1577132784,75,41.28,-70.1,48.99,13.87
234,gunjur,0,GM,1577132784,61,13.18,-16.76,78.8,6.93
235,pevek,0,RU,1577132784,98,69.7,170.27,-22.16,3.44
236,cap malheureux,75,MU,1577132784,74,-19.98,57.61,80.6,13.87
237,impfondo,9,CD,1577132784,64,1.62,18.06,77.2,3.15
238,listvyanskiy,96,RU,1577132784,91,54.44,83.49,7.41,13.73
239,caucaia,96,BR,1577132785,62,-3.73,-38.66,86.0,11.41
240,bandarbeyla,83,SO,1577132785,72,9.49,50.81,77.18,24.25
241,basco,1,US,1577132785,44,40.33,-91.2,59.0,6.93
242,canby,90,US,1577132785,81,45.26,-122.69,46.99,4.7
243,boende,86,CD,1577132785,81,-0.28,20.88,75.06,1.03
244,san francisco de becerra,100,HN,1577132785,67,14.63,-86.1,78.46,7.2
245,saint-georges,54,CA,1577132631,69,46.12,-70.67,39.99,11.01
246,cidreira,0,BR,1577132785,64,-30.17,-50.22,71.67,20.76
247,harindanga,64,IN,1577132785,93,22.04,88.32,57.2,3.36
248,ornskoldsvik,100,SE,1577132785,100,63.29,18.72,32.0,3.36
249,kommunisticheskiy,0,RU,1577132785,90,61.68,64.48,3.6,3.38
250,ponta do sol,99,BR,1577132785,88,-20.63,-46.0,71.58,4.34
251,vardo,1,US,1577132677,52,39.62,-77.74,55.0,3.36
252,novorudnyy,0,RU,1577132785,71,51.5,58.19,6.8,8.95
253,xuddur,3,SO,1577132785,44,4.12,43.89,76.77,9.66
254,howard springs,20,AU,1577132785,83,-12.5,131.05,82.4,2.3
255,kavieng,100,PG,1577132786,75,-2.57,150.8,84.38,11.41
256,mana,0,NG,1577132786,11,13.03,5.27,69.1,9.91
257,rocha,3,UY,1577132786,32,-34.48,-54.34,76.73,6.4
258,talnakh,75,RU,1577132786,85,69.49,88.39,10.4,31.32
259,luanda,75,AO,1577132786,74,-8.83,13.24,82.4,9.17
260,ingham,72,AU,1577132786,87,-18.65,146.16,75.16,1.32
261,fairbanks,90,US,1577132786,83,64.84,-147.72,-8.0,1.88
262,shuangcheng,0,CN,1577132786,83,45.37,126.3,-13.0,6.71
263,vaitape,100,PF,1577132786,89,-16.52,-151.75,77.68,11.95
264,mezhova,100,UA,1577132786,71,48.26,36.73,47.12,15.82
265,durusu,20,TR,1577132786,70,37.53,40.83,48.2,20.8
266,ribeira grande,40,PT,1577132786,76,38.52,-28.7,57.2,4.7
267,shenjiamen,100,CN,1577132786,85,29.96,122.3,54.95,18.48
268,kungurtug,100,RU,1577132786,98,50.6,97.53,-1.41,0.78
269,karla,90,EE,1577132786,75,59.37,24.93,41.0,4.7
270,masvingo,75,ZW,1577132787,64,-20.08,30.83,67.6,5.64
271,vyazemskiy,0,RU,1577132787,90,47.53,134.76,-8.41,4.92
272,clyde river,20,CA,1577132787,75,70.47,-68.59,-14.8,2.24
273,hovd,40,NO,1577132787,92,63.83,10.7,43.0,5.82
274,ossora,100,RU,1577132787,91,59.24,163.07,12.29,8.28
275,oktyabrskoye,40,RU,1577132787,84,56.73,85.44,12.99,13.42
276,almaznyy,75,RU,1577132787,81,48.03,40.04,44.6,20.13
277,ereymentau,100,KZ,1577132787,93,51.62,73.1,3.9,21.63
278,neder holluf,0,DK,1577132787,93,55.36,10.45,42.8,5.82
279,san patricio,0,PY,1577132787,39,-26.98,-56.83,83.5,3.13
280,ostrovnoy,100,RU,1577132787,91,68.05,39.51,19.6,16.24
281,malatya,75,TR,1577132540,86,38.35,38.32,39.2,4.7
282,cornelius,90,US,1577132788,87,45.52,-123.06,48.0,3.36
283,itaituba,40,BR,1577132788,55,-4.26,-55.99,91.4,3.36
284,broken hill,24,AU,1577132788,22,-31.97,141.45,75.2,5.82
285,tual,79,ID,1577132788,69,-5.67,132.75,83.95,3.51
286,la tuque,100,CA,1577132788,90,47.44,-72.79,33.39,8.5
287,witu,1,KE,1577132788,83,-2.39,40.44,80.6,8.05
288,road town,40,VG,1577132739,65,18.42,-64.62,84.2,8.05
289,mangai,58,CD,1577132788,95,-4.07,19.59,70.95,0.81
290,makakilo city,1,US,1577132788,61,21.35,-158.09,82.4,6.93
291,manavalakurichi,20,IN,1577132788,94,8.13,77.3,80.6,3.36
292,kudahuvadhoo,100,MV,1577132788,91,2.67,72.89,77.61,21.47
293,wanning,75,AT,1577132789,87,48.64,13.53,43.0,16.11
294,mahebourg,75,MU,1577132789,74,-20.41,57.7,80.6,13.87
295,kjollefjord,75,NO,1577132789,83,70.95,27.35,32.0,10.29
296,sosnovo-ozerskoye,0,RU,1577132789,90,52.53,111.54,-19.5,3.29
297,baykit,93,RU,1577132789,97,61.68,96.39,-14.78,1.88
298,flin flon,90,CA,1577132789,100,54.77,-101.88,17.6,6.93
299,cabedelo,0,BR,1577132789,69,-6.97,-34.84,82.4,14.99
300,pedregulho,73,BR,1577132789,86,-20.25,-47.48,73.58,5.44
301,chimore,61,BO,1577132789,49,-16.98,-65.13,88.9,0.74
302,alta floresta,20,BR,1577132789,62,-9.87,-56.08,89.6,2.24
303,cockburn town,40,TC,1577132511,61,21.46,-71.14,82.4,13.87
304,matagami,0,NG,1577132789,16,9.67,8.4,66.56,6.44
305,anadyr,90,RU,1577132789,77,64.73,177.51,-0.4,6.71
306,apricena,20,IT,1577132789,100,41.78,15.44,42.8,6.93
307,mansa,40,IN,1577132790,63,23.43,72.66,66.2,3.36
308,gat,0,SN,1577132790,24,14.69,-16.54,80.6,9.17
309,palana,100,RU,1577132790,95,59.08,159.95,7.03,4.18
310,moscow,90,RU,1577132568,100,55.75,37.62,45.0,4.47
311,grindavik,75,IS,1577132790,80,63.84,-22.43,35.6,2.24
312,datong,33,CN,1577132790,87,40.09,113.3,11.66,3.31
313,saurimo,100,AO,1577132790,94,-9.66,20.4,64.92,1.41
314,temirtau,90,KZ,1577132790,77,50.05,72.96,5.0,15.66
315,hokitika,0,NZ,1577132790,77,-42.72,170.96,55.47,5.06
316,mach,0,PK,1577132790,29,29.87,67.33,45.12,4.12
317,burladingen,75,DE,1577132790,87,48.29,9.11,45.0,4.7
318,ixtapa,5,MX,1577132790,42,20.71,-105.21,84.2,6.93
319,dhidhdhoo,100,MV,1577132790,78,6.88,73.1,81.5,19.22
320,asuncion,0,PY,1577132771,29,-25.3,-57.63,87.8,5.82
321,tombouctou,0,ML,1577132791,9,16.77,-3.01,73.38,8.99
322,hasaki,20,JP,1577132791,86,35.73,140.83,41.0,10.29
323,lacombe,75,CA,1577132791,85,52.47,-113.73,28.99,4.7
324,phenix city,90,US,1577132533,82,32.47,-85.0,55.4,6.93
325,tilichiki,100,RU,1577132791,85,60.47,166.1,7.27,11.18
326,shingu,38,JP,1577132791,60,33.72,135.99,52.11,16.33
327,itarema,21,BR,1577132791,76,-2.92,-39.92,79.61,13.09
328,torbat-e jam,0,IR,1577132791,49,35.24,60.63,40.78,0.81
329,north bend,1,US,1577132791,76,43.41,-124.22,48.99,3.36
330,dalmatovo,100,RU,1577132791,95,56.26,62.94,20.91,7.72
331,ribeira brava,75,PT,1577132792,72,32.65,-17.07,66.2,8.05
332,rurrenabaque,75,BO,1577132792,88,-14.44,-67.53,82.4,1.86
333,pitanga,0,BR,1577132792,67,-24.76,-51.76,70.59,4.74
334,mayo,90,CA,1577132792,75,63.59,-135.9,-16.6,2.24
335,sitka,84,US,1577132792,23,37.17,-99.65,64.76,11.34
336,mogadishu,0,SO,1577132640,80,2.04,45.34,80.44,20.83
337,port lincoln,58,AU,1577132792,63,-34.72,135.86,66.81,4.56
338,oranjemund,7,ZA,1577132792,95,-28.55,16.43,58.48,5.41
339,iquique,100,CL,1577132792,60,-20.22,-70.14,71.6,11.41
340,komsomolskiy,98,RU,1577132792,99,67.55,63.78,-17.3,5.46
341,yulara,0,AU,1577132792,16,-25.24,130.99,75.2,7.85
342,ust-nera,100,RU,1577132792,95,64.57,143.24,-33.56,5.01
343,navahrudak,100,BY,1577132792,98,53.59,25.82,40.41,8.14
344,ambon,90,FR,1577132793,93,47.55,-2.56,55.99,14.99
345,parambu,97,BR,1577132793,30,-6.21,-40.7,90.54,9.15
346,longyearbyen,75,NO,1577132793,68,78.22,15.63,28.4,5.82
347,mbanza-ngungu,100,CD,1577132793,90,-5.25,14.87,71.51,1.19
348,tromso,90,NO,1577132557,95,69.65,18.96,32.0,16.11
349,egvekinot,2,RU,1577132793,94,66.32,-179.17,-7.47,10.38
350,nola,13,CF,1577132793,38,3.52,16.05,74.8,0.96
351,novikovo,95,RU,1577132793,89,51.15,37.89,37.58,10.69
352,vila franca do campo,75,PT,1577132793,72,37.72,-25.43,60.8,4.7
353,mayumba,100,GA,1577132793,82,-3.44,10.65,81.81,5.03
354,comodoro rivadavia,75,AR,1577132626,34,-45.87,-67.48,68.0,16.11
355,catalina,75,PE,1577132793,30,-13.57,-76.13,72.0,18.34
356,steinkjer,40,NO,1577132793,92,64.02,11.49,41.0,5.82
357,ouesso,1,CG,1577132793,59,1.61,16.05,77.86,3.15
358,santa fe,0,AR,1577132731,35,-31.62,-60.7,88.0,3.0
359,saint-louis,0,SN,1577132793,44,16.03,-16.5,78.8,6.93
360,yara,91,CU,1577132794,58,20.27,-76.95,83.84,9.06
361,farafangana,2,MG,1577132794,80,-22.82,47.83,79.09,15.57
362,semporna,75,MY,1577132794,100,4.48,118.61,75.2,2.24
363,ariquemes,61,BR,1577132794,83,-9.91,-63.03,82.76,3.09
364,pokhara,1,NP,1577132794,89,28.21,83.99,45.77,1.61
365,tongren,100,CN,1577132794,92,27.72,109.18,40.05,3.65
366,phan thiet,99,VN,1577132794,90,10.93,108.1,68.18,2.3
367,matay,0,EG,1577132794,41,28.42,30.79,54.03,8.34
368,leningradskiy,100,RU,1577132794,96,69.38,178.42,-12.17,15.28
369,prince rupert,90,CA,1577132794,86,54.32,-130.32,39.2,16.11
370,petropavlovsk-kamchatskiy,0,RU,1577132794,70,53.05,158.65,-4.0,11.18
371,crixas,24,BR,1577132794,66,-14.55,-49.97,86.34,0.92
372,raudeberg,98,NO,1577132794,62,61.99,5.14,37.4,8.05
373,goderich,69,CA,1577132794,80,43.74,-81.71,48.0,13.0
374,manggar,100,ID,1577132795,80,-2.88,108.27,81.97,11.65
375,labuhan,100,ID,1577132795,91,-2.54,115.51,73.74,0.94
376,west lafayette,1,US,1577132585,54,40.43,-86.91,55.99,9.17
377,beloha,68,MG,1577132795,63,-25.17,45.06,78.66,12.57
378,guaira,0,BR,1577132795,61,-24.09,-54.26,74.34,5.48
379,pangai,75,TO,1577132795,83,-19.8,-174.35,82.4,5.82
380,omealca,24,MX,1577132795,80,18.75,-96.79,58.17,4.97
381,santa maria,75,BR,1577132795,93,-16.02,-48.01,72.0,27.51
382,russell,1,US,1577132795,46,38.9,-98.86,59.0,12.75
383,nouadhibou,0,MR,1577132795,37,20.93,-17.03,71.6,9.17
384,thompson,90,CA,1577132693,85,55.74,-97.86,14.0,2.06
385,kindu,100,CD,1577132795,97,-2.95,25.92,69.87,1.05
386,copiapo,0,CL,1577132741,56,-27.37,-70.33,69.8,12.75
387,nuuk,0,GL,1577132795,85,64.17,-51.74,21.2,6.93
388,taoudenni,50,ML,1577132795,19,22.68,-3.98,68.49,9.44
389,jamsa,90,FI,1577132796,97,61.86,25.19,35.01,2.24
390,ranong,100,TH,1577132746,84,9.96,98.62,75.88,6.29
391,spirit river,20,CA,1577132796,84,55.78,-118.84,25.0,5.82
392,rabat,40,MA,1577132796,93,34.02,-6.83,59.0,2.24
393,faya,20,SA,1577132796,67,18.39,42.45,59.0,3.36
394,bougouni,12,ML,1577132796,14,11.42,-7.49,74.88,4.7
395,seidu,0,NG,1577132796,13,8.32,4.47,79.52,3.58
396,nichinan,0,JP,1577132796,75,31.65,131.31,44.01,5.01
397,khorramshahr,0,IR,1577132796,93,30.43,48.18,53.6,5.53
398,lompoc,90,US,1577132671,87,34.64,-120.46,57.99,8.05
399,bjerkvik,75,NO,1577132796,92,68.55,17.56,34.0,9.17
400,bafilo,0,TG,1577132796,13,9.35,1.24,75.09,4.45
401,hvide sande,7,DK,1577132796,93,56.01,8.13,44.6,5.82
402,saint john,90,CA,1577132594,86,45.28,-66.06,35.01,4.7
403,paamiut,100,GL,1577132796,72,61.99,-49.67,26.73,5.95
404,westport,1,US,1577132796,57,41.14,-73.36,53.6,12.75
405,espanola,32,CA,1577132797,80,46.27,-81.77,39.99,8.21
406,bose,0,IT,1577132797,34,45.46,8.01,51.8,6.93
407,acapulco,5,MX,1577132793,70,16.86,-99.88,86.0,6.93
408,sikonge,75,TZ,1577132797,94,-5.63,32.75,68.0,5.82
409,noumea,100,NC,1577132797,64,-22.28,166.46,78.01,1.12
410,vanavara,74,RU,1577132797,97,60.35,102.28,-14.01,3.22
411,novellara,0,IT,1577132797,71,44.84,10.73,53.6,13.87
412,lorengau,17,PG,1577132797,76,-2.02,147.27,83.61,8.72
413,belmonte,100,PT,1577132797,87,40.36,-7.35,48.0,3.11
414,dingle,100,PH,1577132797,88,11.0,122.67,70.74,7.9
415,ternate,20,PH,1577132797,83,14.29,120.72,77.0,2.24
416,maragheh,76,IR,1577132798,37,37.39,46.24,38.82,9.22
417,awjilah,0,LY,1577132798,53,29.14,21.3,58.33,11.5
418,benjamin constant,40,BR,1577132798,79,-4.38,-70.03,84.2,3.36
419,abu kamal,0,SY,1577132798,34,34.45,40.92,53.47,11.79
420,huntsville,90,US,1577132502,82,34.73,-86.59,62.6,12.75
421,pierre,1,US,1577132798,86,44.37,-100.35,34.0,11.41
422,rabo de peixe,75,PT,1577132798,72,37.8,-25.58,60.8,4.7
423,oktyabrskiy,90,RU,1577132798,93,55.61,37.97,45.0,4.47
424,nieuw nickerie,100,SR,1577132798,85,5.94,-56.99,79.79,18.01
425,bhatkal,100,IN,1577132798,59,13.97,74.57,79.5,7.47
426,yelets,100,RU,1577132798,85,52.61,38.49,39.24,13.47
427,aripuana,69,BR,1577132798,95,-9.17,-60.63,77.38,4.18
428,pukhrayan,54,IN,1577132798,49,26.23,79.84,55.63,5.97
429,dunedin,100,NZ,1577132601,97,-45.87,170.5,52.0,1.99
430,blackwater,86,GB,1577132798,81,51.33,-0.78,48.2,9.17
431,salalah,38,OM,1577132799,30,17.01,54.1,69.8,6.93
432,tanout,0,NE,1577132799,10,14.97,8.88,65.26,13.4
433,namibe,100,AO,1577132799,85,-15.19,12.15,72.99,7.67
434,luba,76,PH,1577132799,73,17.32,120.7,68.95,4.32
435,ilulissat,20,GL,1577132799,65,69.22,-51.1,3.2,2.24
436,arenapolis,84,BR,1577132799,70,-14.45,-56.85,85.12,1.59
437,souillac,100,FR,1577132799,93,45.6,-0.6,51.8,12.75
438,alofi,40,NU,1577132799,83,-19.06,-169.92,82.4,5.82
439,frontera,90,MX,1577132799,83,18.53,-92.64,73.4,6.42
440,belaya kholunitsa,100,RU,1577132799,98,58.84,50.85,33.62,8.57
441,ambanja,100,MG,1577132799,78,-13.68,48.45,79.47,2.62
442,san rafael del sur,40,NI,1577132799,41,11.85,-86.44,93.2,23.04
443,norman,1,US,1577132799,41,35.22,-97.44,64.0,9.17
444,aleksandrov gay,0,RU,1577132799,61,50.14,48.57,26.92,13.53
445,mazatlan,5,MX,1577132659,35,23.22,-106.42,86.0,6.93
446,puerto penasco,100,MX,1577132800,84,31.32,-113.53,64.99,11.99
447,narsaq,75,GL,1577132800,42,60.91,-46.05,28.4,5.82
448,saint george,20,GR,1577132800,76,39.45,22.34,50.0,4.7
449,okhotsk,100,RU,1577132800,83,59.36,143.24,-16.69,16.87
450,srandakan,100,ID,1577132800,87,-7.94,110.25,75.29,1.79
451,chapais,90,CA,1577132800,85,49.78,-74.86,24.8,18.34
452,bilma,0,NE,1577132800,10,18.69,12.92,62.04,6.8
453,maba,99,CN,1577132800,95,24.68,113.59,54.57,3.65
454,jinxiang,4,CN,1577132800,76,35.07,116.31,32.5,5.61
455,aksarka,38,RU,1577132800,91,66.56,67.8,-12.05,4.14
456,vestmanna,5,FO,1577132800,93,62.16,-7.17,39.2,5.61
457,grimshaw,20,CA,1577132800,84,56.19,-117.61,25.0,8.05
458,san vicente,58,EC,1577132801,66,-0.59,-80.41,87.8,10.29
459,buchanan,20,LR,1577132801,94,5.88,-10.05,80.6,3.4
460,katherine,45,AU,1577132801,62,-14.47,132.26,86.0,6.93
461,fomboni,0,KM,1577132801,71,-12.28,43.74,84.49,7.76
462,marsala,20,IT,1577132801,72,37.8,12.44,60.01,29.97
463,bellevue,90,DE,1577132670,100,50.05,10.19,43.0,13.87
464,constitucion,5,MX,1577132801,22,23.99,-104.67,68.0,6.93
465,muros,75,ES,1577132801,100,42.77,-9.06,63.0,13.87
466,zihuatanejo,5,MX,1577132801,59,17.64,-101.55,91.4,10.29
467,terrace,90,CA,1577132801,92,54.52,-128.61,30.2,6.93
468,marsabit,0,KE,1577132801,52,2.34,37.99,78.48,13.09
469,saint-francois,90,FR,1577132801,75,46.42,3.91,44.6,4.7
470,severo-kurilsk,100,RU,1577132802,94,50.68,156.12,20.44,8.88
471,okha,100,RU,1577132802,93,53.59,142.95,-8.93,17.54
472,cayambe,75,EC,1577132802,52,0.04,-78.14,69.8,13.87
473,kalmunai,2,LK,1577132802,78,7.42,81.82,81.54,9.33
474,cao bang,100,VN,1577132802,94,22.67,106.25,57.63,2.13
475,ahipara,18,NZ,1577132802,98,-35.17,173.16,71.01,1.01
476,kutum,50,SD,1577132802,20,14.2,24.66,61.02,4.74
477,sampit,86,ID,1577132802,97,-2.54,112.95,74.1,1.39
478,hajiganj,63,BD,1577132802,56,23.25,90.85,59.47,7.34
479,bulawayo,49,ZW,1577132802,54,-20.16,28.59,72.12,13.44
480,gimbi,0,ET,1577132802,81,8.81,37.79,51.94,5.03
481,renfrew,97,CA,1577132802,83,45.47,-76.68,43.0,5.01
482,edd,2,ER,1577132802,62,13.93,41.69,76.89,2.37
483,umkomaas,30,ZA,1577132803,92,-30.21,30.8,75.99,14.79
484,fort nelson,20,CA,1577132803,69,58.81,-122.69,-7.6,3.36
485,krasnyy chikoy,100,RU,1577132803,96,50.36,108.75,-6.56,3.91
486,atar,0,MR,1577132803,13,20.52,-13.05,72.9,9.64
487,pinheiro,100,BR,1577132803,71,-2.53,-45.09,81.59,4.76
488,wuda,62,CN,1577132803,69,39.5,106.72,19.8,12.48
489,suez,0,EG,1577132803,46,29.97,32.54,57.16,5.79
490,yumen,68,CN,1577132803,77,40.29,97.04,13.3,3.24
491,plastun,0,RU,1577132803,81,44.76,136.29,-3.14,6.06
492,santa cruz,9,BR,1577132803,59,-6.22,-36.02,80.67,10.6
493,sola,100,TZ,1577132803,83,-3.17,33.8,67.84,4.23
494,teguise,100,ES,1577132803,72,29.06,-13.56,66.2,4.7
495,talcahuano,20,CL,1577132803,68,-36.72,-73.12,69.8,18.34
496,manoel urbano,71,BR,1577132803,93,-8.84,-69.26,80.74,2.73
497,encruzilhada,0,BR,1577132804,62,-15.53,-40.91,74.7,8.03
498,sawtell,75,AU,1577132804,88,-30.38,153.1,73.4,6.93
499,cotonou,0,BJ,1577132804,70,6.37,2.43,84.2,5.82
500,imeni stepana razina,99,RU,1577132804,78,54.89,44.3,29.82,15.35
501,kieta,100,PG,1577132804,77,-6.22,155.63,81.93,6.2
502,nizwa,19,OM,1577132804,58,22.93,57.53,58.21,1.41
503,birjand,0,IR,1577132715,48,32.86,59.22,32.0,6.93
504,cabo san lucas,20,MX,1577132659,64,22.89,-109.91,81.0,2.24
505,tocopilla,0,CL,1577132804,27,-22.09,-70.2,72.61,9.62
506,pinheiro machado,0,BR,1577132804,33,-31.58,-53.38,75.0,8.99
507,sokolo,0,ML,1577132804,11,14.74,-6.12,75.92,10.65
508,teguldet,40,RU,1577132804,93,57.31,88.17,9.84,7.99
509,tsurugi,20,JP,1577132804,87,33.97,134.05,44.6,9.17
510,rudnogorsk,0,RU,1577132804,92,57.27,103.75,-15.21,1.32
511,san-pedro,0,CI,1577132804,81,4.75,-6.64,82.6,12.17
512,ust-omchug,100,RU,1577132804,93,61.13,149.63,-23.01,6.91
513,kathu,0,ZA,1577132805,48,-27.7,23.05,78.01,8.01
514,plettenberg bay,3,ZA,1577132805,86,-34.05,23.37,65.01,6.24
515,uvalde,1,US,1577132742,18,29.21,-99.79,75.0,4.7
516,librazhd,37,AL,1577132805,87,41.18,20.32,44.6,2.24
517,poum,40,MK,1577132805,86,41.28,20.71,37.4,2.95
518,katangli,72,RU,1577132805,90,51.71,143.23,-16.22,5.84
519,erdemli,100,TR,1577132805,73,36.61,34.31,64.56,30.44
520,walvis bay,0,NA,1577132682,77,-22.95,14.51,62.6,3.36
521,coihaique,40,CL,1577132784,58,-45.58,-72.07,57.2,10.29
522,huittinen,90,FI,1577132805,100,61.18,22.7,36.0,4.7
523,yuanping,0,CN,1577132805,85,38.72,112.71,16.86,1.36
524,yaan,33,NG,1577132805,14,7.38,8.57,78.85,4.63
525,tungor,100,RU,1577132805,93,53.39,142.95,-8.93,17.54
526,sisimiut,2,GL,1577132806,73,66.94,-53.67,6.57,6.87
527,ocampo,47,MX,1577132806,23,27.32,-102.4,62.64,5.46
528,bocas del toro,4,PA,1577132806,64,9.33,-82.25,73.99,5.01
529,calama,0,CL,1577132806,8,-22.46,-68.93,78.8,24.16
530,banff,80,CA,1577132599,84,51.18,-115.57,28.99,1.01
531,dabat,18,ET,1577132806,40,12.98,37.77,56.21,7.67
532,vasilyevskiy mokh,100,RU,1577132806,96,57.01,35.92,42.82,5.68
533,luena,97,AO,1577132806,95,-11.78,19.91,63.95,1.77
534,angoche,32,MZ,1577132806,81,-16.23,39.91,79.2,2.24
535,funtua,0,NG,1577132806,17,11.52,7.31,63.03,6.17
536,soyo,20,AO,1577132806,83,-6.13,12.37,82.4,6.93
537,sungaipenuh,100,ID,1577132806,99,-2.08,101.38,64.36,1.77
538,nemuro,21,JP,1577132806,62,43.32,145.57,27.36,21.74
539,jalu,0,LY,1577132806,53,29.03,21.55,58.33,11.5
540,chlum u trebone,100,CZ,1577132807,76,48.96,14.93,44.01,15.99
541,kununurra,36,AU,1577132807,83,-15.77,128.74,78.8,1.12
542,kendari,100,ID,1577132807,93,-3.99,122.52,74.32,3.2
543,weiser,20,US,1577132807,65,44.25,-116.97,48.0,3.62
544,praxedis guerrero,75,MX,1577132807,26,31.37,-106.02,57.0,5.53
545,ust-maya,100,RU,1577132807,98,60.42,134.54,-35.9,1.3
546,show low,1,US,1577132807,21,34.25,-110.03,54.0,11.41
547,gigmoto,100,PH,1577132807,80,13.78,124.39,81.28,20.74
548,sanguem,40,IN,1577132807,83,15.23,74.14,78.8,4.7
549,bismarck,1,US,1577132807,92,46.81,-100.78,26.01,10.29
550,rohnert park,1,US,1577132807,87,38.34,-122.7,55.99,3.36
551,kajaani,90,FI,1577132807,98,64.22,27.73,32.0,4.7
552,takoradi,0,GH,1577132808,82,4.89,-1.75,82.49,6.82
553,ewa beach,90,US,1577132589,74,21.32,-158.01,82.4,11.41
554,baruun-urt,100,MN,1577132808,87,46.68,113.28,3.97,1.25
555,garmsar,0,IR,1577132808,49,35.22,52.34,46.53,2.8
556,windhoek,100,NA,1577132808,88,-22.57,17.08,68.0,2.24
557,yerbogachen,100,RU,1577132808,99,61.28,108.01,-25.06,4.03
558,akdepe,0,TM,1577132808,79,42.05,59.39,24.8,13.87
559,tecoanapa,5,MX,1577132808,70,16.99,-99.26,86.0,6.93
560,zarautz,75,ES,1577132808,63,43.28,-2.17,60.8,8.05
561,mabaruma,100,GY,1577132808,96,8.2,-59.78,78.17,3.51
562,harnosand,90,SE,1577132808,100,62.63,17.94,32.0,3.36
563,chateaubelair,40,VC,1577132809,78,13.28,-61.25,84.2,17.22
564,nouakchott,0,MR,1577132809,27,18.08,-15.98,77.0,8.05
565,grand gaube,75,MU,1577132809,74,-20.01,57.66,80.6,13.87
566,hamilton,40,CA,1577132674,65,43.26,-79.87,48.2,12.75
567,ewo,57,CG,1577132809,72,-0.88,14.81,76.19,2.89
568,alim,1,CF,1577132809,29,6.02,14.65,69.51,6.24
569,coffs harbour,75,AU,1577132809,88,-30.3,153.13,73.4,6.93
570,jammal,40,TN,1577132557,55,35.62,10.76,60.8,16.11
571,bajil,66,ES,1577132809,72,38.23,-2.07,46.4,2.26
572,abha,20,SA,1577132809,67,18.22,42.5,59.0,3.36
573,pokrovsk,100,RU,1577132809,97,61.48,129.14,-27.69,5.1
574,luocheng,75,CN,1577132809,93,28.29,114.55,41.86,2.91
575,anloga,20,GH,1577132810,62,5.79,0.9,86.0,4.7
576,tarnogskiy gorodok,100,RU,1577132810,97,60.5,43.58,34.23,6.22
577,springbok,0,ZA,1577132810,44,-29.67,17.88,57.09,3.15
578,dong hoi,12,VN,1577132810,94,17.48,106.6,66.67,2.04
579,petrov val,48,RU,1577132810,70,50.14,45.21,28.04,16.35
580,malaya serdoba,24,RU,1577132810,77,52.47,44.96,24.87,14.38
581,selizharovo,99,RU,1577132810,95,56.86,33.45,42.17,5.59
582,saint-pierre,90,FR,1577132810,93,48.95,4.24,46.99,8.05
583,pochutla,40,MX,1577132810,48,15.74,-96.47,90.0,9.17
584,gamba,0,CN,1577132810,43,28.28,88.52,11.17,1.34
585,chara,75,GR,1577132810,81,39.42,22.43,50.0,4.7
586,kosa,93,JP,1577132811,100,32.67,130.82,42.01,3.0
587,longido,16,TZ,1577132811,91,-2.73,36.7,62.58,5.21
588,nampula,20,MZ,1577132811,94,-15.12,39.26,75.2,5.82
589,maniitsoq,0,GL,1577132811,50,65.42,-52.9,18.54,5.7
590,pemba,20,MZ,1577132811,88,-12.97,40.52,82.4,4.7
591,mangochi,100,MW,1577132811,91,-14.48,35.26,68.31,3.06
592,janesville,1,US,1577132811,70,42.68,-89.02,48.99,2.55
593,mahibadhoo,100,MV,1577132811,86,3.78,72.97,77.18,8.68
594,zonguldak,100,TR,1577132811,84,41.25,31.83,42.6,5.14
595,kahului,20,US,1577132811,61,20.89,-156.47,78.8,8.05
596,chuchkovo,100,RU,1577132811,88,54.27,41.45,34.81,12.46
597,malibu,75,MX,1577132811,53,16.77,-93.16,77.0,14.99
598,thunder bay,75,CA,1577132769,58,48.41,-89.26,30.99,5.82
599,vryburg,0,ZA,1577132812,44,-26.96,24.73,73.9,10.07
600,yantal,0,RU,1577132812,89,56.85,105.25,-16.56,1.77
601,sicuani,100,PE,1577132812,62,-14.27,-71.23,48.25,4.23
602,saint anthony,90,US,1577132812,51,43.97,-111.68,39.99,1.95
603,biak,100,ID,1577132812,69,-0.91,122.88,82.76,6.98
604,pontianak,25,ID,1577132812,98,-0.02,109.34,73.54,1.74
605,savonlinna,90,FI,1577132812,100,61.87,28.88,33.8,1.12
606,lahaina,20,US,1577132812,57,20.87,-156.68,78.8,4.7
607,kubachi,78,RU,1577132812,34,42.09,47.6,36.12,12.75
608,buarcos,40,PT,1577132812,87,40.16,-8.88,57.99,8.05
609,basse,75,DE,1577132812,87,52.55,9.51,46.4,13.87
610,hay river,75,CA,1577132812,84,60.82,-115.79,6.8,5.82
611,lensk,81,RU,1577132812,99,60.71,114.91,-25.67,4.23
612,harper,1,US,1577132813,11,30.3,-99.24,77.0,6.49
613,sobolevo,100,RU,1577132813,98,54.43,31.9,45.03,5.46
614,gornyy,0,RU,1577132813,71,51.76,48.54,23.04,9.53
615,gavle,61,SE,1577132688,95,60.67,17.14,30.99,2.53
616,banes,75,CU,1577132813,62,20.96,-75.72,84.2,8.05
617,kot radha kishan,40,PK,1577132813,81,31.17,74.1,46.4,0.87
618,komatipoort,100,MZ,1577132813,83,-25.43,31.96,75.2,2.24
619,cukai,15,MY,1577132813,94,4.25,103.42,77.0,1.12
620,kirovskiy,29,RU,1577132813,95,45.09,133.51,-11.67,0.72
621,maningrida,57,AU,1577132813,81,-12.05,134.23,79.61,2.62
622,nukus,0,UZ,1577132813,92,42.46,59.61,17.6,6.93
623,caravelas,58,BR,1577132813,79,-17.73,-39.27,76.06,11.86
624,chatellerault,90,FR,1577132716,100,46.8,0.53,48.99,11.41
625,stuttgart,75,DE,1577132549,87,48.78,9.18,46.99,4.7
626,carutapera,17,BR,1577132814,76,-1.2,-46.02,82.76,19.8
627,quatre cocos,75,MU,1577132814,74,-20.21,57.76,80.6,13.87
628,verkhnyaya inta,100,RU,1577132814,100,65.99,60.32,-9.96,2.98
629,taranagar,6,IN,1577132814,33,28.67,75.04,54.59,4.61
630,bom jesus,3,BR,1577132814,32,-9.08,-44.36,90.07,5.88
631,polovinnoye,100,RU,1577132814,92,54.79,65.99,24.13,14.41
632,tarauaca,82,BR,1577132814,90,-8.16,-70.77,79.65,3.6
633,muroto,97,JP,1577132814,78,33.37,134.14,41.14,5.23
634,awbari,0,LY,1577132814,32,26.59,12.77,59.32,6.8
635,coxim,65,BR,1577132814,82,-18.5,-54.75,81.03,6.04
636,samarai,24,PG,1577132814,86,-10.62,150.67,78.33,2.98
637,azare,0,NG,1577132814,14,11.67,10.19,66.51,8.19
638,plouzane,100,FR,1577132815,100,48.38,-4.62,55.4,16.11
639,mincivan,99,AZ,1577132815,34,39.03,46.72,43.88,10.33
640,aklavik,75,CA,1577132815,74,68.22,-135.01,-22.0,3.36
641,owerri,61,NG,1577132815,69,5.49,7.03,75.2,4.65
642,vaasa,90,FI,1577132815,88,63.1,21.62,33.8,4.7
643,menongue,19,AO,1577132815,89,-14.66,17.68,63.37,4.21
644,thayetmyo,0,MM,1577132815,62,19.32,95.18,60.6,2.17
645,manta,100,RO,1577132815,87,45.1,24.1,40.75,1.28
646,gondanglegi,100,ID,1577132815,88,-7.75,112.01,75.47,0.85
647,killarney,86,AU,1577132815,93,-28.34,152.3,66.0,1.01
648,panaba,83,MX,1577132815,57,21.28,-88.27,72.93,10.51
649,tsumeb,64,NA,1577132815,64,-19.25,17.72,73.72,1.92
650,farap,13,TM,1577132815,69,39.18,63.61,33.8,11.41
651,tornio,90,FI,1577132815,100,61.12,27.27,36.0,3.36
652,marsh harbour,100,BS,1577132785,85,26.54,-77.06,74.44,11.86
653,donskoye,40,RU,1577132816,93,45.45,41.98,37.4,15.66
654,misratah,0,LY,1577132816,59,32.38,15.09,64.45,33.26
655,avera,90,US,1577132816,100,33.19,-82.53,59.0,12.75
656,ouidah,0,BJ,1577132816,70,6.37,2.09,84.2,5.82
657,chenzhou,98,CN,1577132816,92,25.81,113.03,46.85,3.4
658,palmer,0,AU,1577132816,87,-34.85,139.16,66.99,5.82
659,tacuati,0,PY,1577132816,34,-23.46,-56.74,85.35,3.53
